purchase_month,total_revenue,total_orders,unique_customers,average_order_value
2016-09,143.46,1,1,143.46
2016-10,46490.66,265,262,175.44
2016-12,19.62,1,1,19.62
2017-01,127482.37,750,718,169.98
2017-02,271239.32,1653,1630,164.09
2017-03,414330.95,2546,2508,162.74
2017-04,390812.4,2303,2274,169.7
2017-05,566851.4,3546,3479,159.86
2017-06,490050.37,3135,3076,156.32
2017-07,566299.08,3872,3802,146.25
2017-08,645832.36,4193,4114,154.03
2017-09,701077.49,4150,4083,168.93
2017-10,751117.01,4478,4417,167.73
2017-11,1153364.2,7289,7183,158.23
2017-12,843078.29,5513,5450,152.93
2018-01,1077887.46,7069,6974,152.48
2018-02,966168.41,6555,6400,147.39
2018-03,1120598.24,7003,6914,160.02
2018-04,1132878.93,6798,6744,166.65
2018-05,1128774.52,6749,6693,167.25
2018-06,1011978.29,6099,6061,165.93
2018-07,1027807.28,6159,6100,166.88
2018-08,985491.64,6351,6310,155.17
